image_id,mask_rle
68167079-a576-f6d0-0b7e-6769754c2974,12970 5 13161 7 13352 9 13543 11 13735 11 13927 11 14119 11 14311 11 14504 9 14697 7 14890 5
5cffa768-b460-1dfe-bc22-8151f8918dca,6065 7 6255 11 6446 13 6637 15 6829 16 7021 16 7213 16 7405 17 7597 18 7618 4 7789 27 7982 27 8174 15 8190 11 8367 13 8383 10 8560 11 8575 11 8753 9 8767 11 8946 6 8960 10 9139 4 9153 9 9346 7 9539 3
4c9fc449-58c1-d8e8-8bd3-c16222d50c59,28134 5 28325 7 28516 9 28707 11 28899 11 29091 11 29283 11 29475 11 29668 9 29861 7 30054 5
7fbf210d-ca70-c1a5-1683-b4ec10735415,5831 3 6020 8 6211 11 6402 12 6593 14 6785 15 6977 15 7169 15 7361 16 7553 17 7746 18 7939 18 8131 11 8144 8 8325 8 8341 7 8518 5 8536 12 8729 12 8921 13 9113 13 9304 14 9494 16 9684 18 9875 20 10066 21 10257 23 10450 22 10642 22 10685 5 10835 19 10876 10 11029 15 11068 12 11222 12 11260 12 11416 8 11453 12 11609 6 11645 12 11800 6 11837 12 11991 8 12028 14 12181 11 12219 15 12371 14 12412 15 12562 16 12605 15 12753 18 12799 14 12944 19 12992 15 13135 20 13185 15 13326 22 13377 17 13518 22 13563 1 13568 18 13710 22 13744 35 13903 21 13936 36 14096 19 14127 37 14289 18 14319 38 14482 16 14511 39 14675 14 14703 39 14868 12 14895 39 15060 12 15087 39 15253 10 15285 33 15445 10 15478 32 15638 8 15672 30 15831 7 15865 3 15869 25 16024 7 16043 2 16057 2 16062 25 16215 9 16234 3 16246 1 16248 3 16255 8 16267 12 16407 10 16423 7 16435 9 16446 8 16460 12 16599 44 16645 2 16651 14 16792 20 16816 18 16838 16 16855 5 16985 5 16993 10 17010 1 17014 11 17029 16 17048 4 17179 1 17186 8 17207 6 17214 3 17221 15 17241 2 17378 8 17398 6 17407 2 17412 16 17570 8 17586 1 17589 6 17599 2 17604 15 17762 9 17777 10 17791 2 17797 2 17808 2 17953 12 17968 11 18145 20 18336 19 18528 18 18719 18 18911 17 19103 17 19295 17 19488 16 19681 13 19874 11 20067 8
737109bb-bcf4-d0a1-616f-8336ffe27203,24235 5 24426 7 24617 9 24808 11 25000 11 25192 11 25384 11 25576 11 25769 9 25962 7 26155 5
bd098479-19c4-c545-0a02-236a73c22870,23937 5 24128 7 24319 9 24510 11 24702 11 24894 11 25086 11 25278 11 25471 9 25664 7 25857 5
c7494ecc-9da0-a344-6870-0f1e2fa069d9,12160 5 12351 7 12542 9 12733 11 12925 11 13117 11 13309 11 13501 11 13694 9 13887 7 14080 5
2fcf2c40-96fd-c26b-0cc2-f8b4d59594b2,18687 5 18878 7 19069 9 19260 11 19452 11 19644 11 19836 11 20028 11 20221 9 20414 7 20607 5
7b670f6d-ff39-337f-edbf-17c7d2a34683,28357 5 28548 7 28739 9 28930 11 29122 11 29314 11 29506 11 29698 11 29891 9 30084 7 30277 5
1ca52211-0f04-4975-37c3-c6d2057fc1d9,3011 5 3202 7 3393 9 3584 11 3776 11 3968 11 4160 11 4352 11 4545 9 4738 7 4931 5
72cc60d7-dc4e-b9a6-7f50-a12feeb32de5,9106 5 9297 7 9488 9 9679 11 9871 11 10063 11 10255 11 10447 11 10640 9 10833 7 11026 5
02060d6b-bb5b-beb7-289a-861dfdb8d17c,19233 5 19424 7 19615 9 19806 11 19998 11 20190 11 20382 11 20574 11 20767 9 20960 7 21153 5
d214da41-1e20-62ef-77ea-5bb8f3643cb7,30037 5 30228 7 30419 9 30610 11 30802 11 30994 11 31186 11 31378 11 31571 9 31764 7 31957 5
fd4f0c53-67cb-fa1b-117b-c8c37a1fee18,10459 5 10650 7 10841 9 11032 11 11224 11 11416 11 11608 11 11800 11 11993 9 12186 7 12379 5
07235080-40a3-f983-dc78-21eeeb0f3124,7171 5 7362 7 7553 9 7744 11 7936 11 8128 11 8320 11 8512 11 8705 9 8898 7 9091 5
8f1326ac-a511-d7fe-2970-42579d7de845,12920 5 13111 7 13302 9 13493 11 13685 11 13877 11 14069 11 14261 11 14454 9 14647 7 14840 5
6265229f-90d3-f323-7d71-560406c1001b,31239 5 31430 7 31621 9 31812 11 32004 11 32196 11 32388 11 32580 11 32773 9 32966 7 33159 5
62db2246-2683-45b0-6974-c844711d9daf,10970 5 11161 7 11352 9 11543 11 11735 11 11927 11 12119 11 12311 11 12504 9 12697 7 12890 5
62491364-9889-b089-6791-79160263b5d4,13553 5 13744 7 13935 9 14126 11 14318 11 14510 11 14702 11 14894 11 15087 9 15280 7 15473 5
339ddda9-1132-3ce0-0d9d-59470b6f532a,23744 5 23935 7 24126 9 24317 11 24509 11 24701 11 24893 11 25085 11 25278 9 25471 7 25664 5
8fc8a2b6-5c12-cbea-b249-307d2d6a19f2,4737 5 4928 7 5119 9 5310 11 5502 11 5694 11 5886 11 6078 11 6271 9 6464 7 6657 5
3c5c7f33-f123-4ef8-acfa-f0c049ac3bd2,26054 5 26245 7 26436 9 26627 11 26819 11 27011 11 27203 11 27395 11 27588 9 27781 7 27974 5
f8ac52cc-dc2b-5a80-de53-b39e3133b982,19632 5 19823 7 20014 9 20205 11 20397 11 20589 11 20781 11 20973 11 21166 9 21359 7 21552 5
70f7e43e-fdeb-116a-9ce3-443a4b7d1eeb,6091 5 6282 7 6473 9 6664 11 6856 11 7048 11 7240 11 7432 11 7625 9 7818 7 8011 5
82dbd85b-6ff9-d02d-15fa-37d04f407a81,6046 5 6237 7 6428 9 6619 11 6811 11 7003 11 7195 11 7387 11 7580 9 7773 7 7966 5
d1b8adb2-0b29-cdfd-3510-524a68a8282e,8925 3 9116 5 9307 6 9499 6 9685 2 9690 7 9874 14 9907 2 10065 11 10098 4 10256 11 10289 5 10447 12 10481 6 10638 13 10673 6 10830 13 10866 5 11021 14 11057 7 11213 14 11249 7 11394 3 11404 14 11440 9 11585 7 11594 16 11630 13 11777 24 11821 15 11968 25 12013 16 12159 11 12175 9 12205 17 12351 10 12368 7 12397 18 12544 8 12560 7 12590 26 12737 6 12753 5 12782 25 12945 4 12975 23 13138 3 13167 22 13331 1 13358 20 13523 1 13549 19 13714 2 13741 18 13905 2 13932 20 14097 3 14121 23 14247 7 14288 4 14310 27 14439 10 14479 5 14501 28 14631 12 14670 6 14692 29 14823 13 14861 7 14884 29 15015 14 15053 8 15076 29 15207 18 15244 8 15267 30 15399 22 15436 8 15457 33 15491 8 15590 24 15627 9 15648 42 15781 26 15819 10 15838 43 15972 27 16010 12 16028 43 16163 28 16200 62 16351 33 16390 63 16543 36 16580 65 16736 102 16928 103 17120 29 17154 70 17312 4 17319 18 17347 69 17513 12 17539 59 17602 5 17706 10 17732 24 17762 26 17898 9 17925 21 17955 24 18089 11 18118 19 18148 23 18280 14 18310 18 18341 22 18471 16 18502 17 18534 21 18662 18 18694 16 18726 21 18854 18 18885 15 18918 21 19045 19 19076 14 19111 20 19237 18 19268 13 19304 19 19429 17 19460 13 19497 18 19624 11 19652 13 19688 19 19817 9 19843 14 19880 19 20009 9 20033 17 20071 20 20201 9 20222 20 20262 21 20393 9 20412 22 20453 23 20585 6 20605 21 20645 24 20778 3 20800 17 20836 27 20993 16 21027 29 21185 15 21218 31 21376 16 21409 33 21567 17 21600 36 21758 18 21791 7 21799 30 21949 19 21982 7 21992 30 22141 19 22173 7 22184 30 22334 18 22364 7 22376 30 22526 18 22555 7 22569 29 22718 17 22747 6 22761 29 22909 19 22938 6 22952 31 23101 36 23140 38 23194 3 23292 101 23484 104 23675 102 23867 34 23912 35 23952 9 24058 33 24107 30 24145 7 24250 32 24300 28 24336 8 24441 33 24491 29 24528 8 24631 34 24682 31 24719 10 24821 37 24871 51 25009 45 25057 57 25198 109 25389 54 25449 1 25453 47 25581 47 25647 45 25773 44 25840 45 25967 39 26033 7 26051 6 26064 13 26160 37 26225 6 26244 4 26257 12 26353 36 26418 4 26437 3 26456 4 26545 36 26611 2 26630 1 26740 3 26745 28 26943 22 27139 17 27335 11 27530 5
0ddc0335-b4c2-4900-c63c-c5cbd9734c3e,11217 3 11407 7 11598 9 11789 11 11968 2 11981 12 12160 2 12172 13 12352 2 12364 14 12543 3 12555 15 12734 3 12746 15 12926 3 12937 15 13117 5 13125 18 13308 26 13499 20 13690 19 13881 17 14073 16 14265 15 14457 15 14649 15 14840 16 15032 17 15224 17 15416 17 15608 18 15678 6 15766 1 15799 12 15869 10 15957 2 15988 11 16053 19 16148 3 16178 10 16243 23 16339 5 16369 10 16434 25 16530 7 16561 10 16623 30 16722 8 16750 1 16752 11 16806 40 16914 9 16937 18 16997 42 17106 10 17118 4 17128 19 17188 43 17298 41 17381 42 17490 41 17573 42 17682 40 17765 42 17875 6 17884 30 17957 42 18079 26 18149 42 18274 21 18342 39 18467 19 18539 32 18659 19 18732 28 18851 20 18924 27 19043 21 19116 27 19234 24 19307 28 19425 26 19499 29 19615 29 19691 34 19805 33 19884 33 19998 5 20004 27 20076 31 20197 28 20269 28 20389 30 20461 26 20582 40 20634 4 20654 24 20775 42 20823 10 20847 23 20967 59 21040 22 21159 61 21232 23 21352 64 21423 25 21544 97 21736 99 21928 100 22120 100 22312 100 22496 3 22503 101 22687 6 22694 102 22879 107 23071 104 23263 101 23454 11 23472 64 23544 11 23646 10 23665 61 23839 8 23858 59 24031 8 24051 33 24085 23 24223 7 24248 27 24278 22 24416 5 24444 21 24469 23 24642 14 24660 24 24835 14 24850 26 25011 2 25026 43 25071 2 25203 5 25216 13 25243 26 25396 6 25406 14 25436 26 25589 21 25628 26 25781 19 25819 26 25973 17 26010 26 26164 16 26199 27 26355 16 26390 27 26532 1 26545 18 26581 29 26722 5 26735 19 26773 2 26781 21 26912 33 26974 19 27104 17 27129 8 27167 18 27296 14 27323 4 27361 14 27489 12 27555 9 27681 12 27873 13 28066 14 28258 15 28451 15 28644 15 28837 14 29030 12 29224 9 29419 3
c63fcd0c-baf9-a64c-61b9-2a4603fe86e3,27216 5 27407 7 27598 9 27789 11 27981 11 28173 11 28365 11 28557 11 28750 9 28943 7 29136 5
6e35566a-c776-82a9-5f08-69a01d894127,30849 5 31040 7 31231 9 31422 11 31614 11 31806 11 31998 11 32190 11 32383 9 32576 7 32769 5
17f3750c-a91f-92fe-d60f-f45710de61fa,11369 5 11560 7 11751 9 11942 11 12134 11 12326 11 12518 11 12710 11 12903 9 13096 7 13289 5
e3e8c857-1e2f-e56a-81c2-7135f5afbc3e,22784 5 22975 7 23166 9 23357 11 23549 11 23741 11 23933 11 24125 11 24318 9 24511 7 24704 5
62eb2f87-8ded-9d3e-edca-4d38b591aded,12576 4 12767 6 12959 8 13150 10 13335 3 13341 12 13526 20 13717 9 13728 3 13733 6 13909 8 13926 5 14100 9 14119 5 14273 7 14293 8 14312 4 14463 12 14485 7 14504 5 14653 16 14677 7 14696 6 14844 18 14868 9 14888 7 15035 35 15079 15 15227 62 15418 65 15609 66 15800 67 15991 68 16182 69 16373 70 16564 71 16755 50 16807 19 16947 48 17001 16 17138 47 17195 13 17331 43 17389 9 17523 42 17583 4 17715 41 17776 2 17801 7 17908 39 17967 4 17991 10 18101 30 18132 7 18158 7 18169 3 18183 11 18295 27 18325 6 18349 22 18374 13 18489 2 18495 18 18517 6 18541 39 18689 16 18708 7 18732 40 18882 16 18899 9 18924 41 18970 6 19075 25 19115 43 19160 9 19268 25 19306 55 19461 25 19496 58 19654 25 19684 62 19846 92 20038 92 20229 92 20421 34 20458 50 20612 34 20651 47 20800 38 20842 47 20992 39 21033 48 21184 80 21265 9 21376 79 21461 6 21568 78 21656 4 21759 71 21833 5 21851 4 21950 68 22026 4 22044 4 22142 66 22218 5 22236 4 22333 65 22409 7 22427 3 22525 64 22600 15 22717 65 22788 19 22909 88 23100 85 23292 84 23486 81 23680 79 23874 62 23945 6 24068 57 24138 4 24262 4 24268 3 24276 37 24331 2 24479 24 24681 13 24874 11 25067 3 25072 4 25266 1
ca1450bd-8d61-62f0-e820-8055e84cc27f,7900 1 8091 5 8282 9 8474 10 8666 12 8858 13 9050 14 9242 14 9434 15 9626 15 9819 14 10011 13 10203 11 10395 4 10587 3 10779 3 10971 4 10979 3 11163 13 11354 15 11546 16 11738 17 11930 18 12003 3 12122 17 12194 5 12314 16 12387 4 12506 15 12579 5 12698 15 12771 6 12890 14 12962 8 13082 12 13153 9 13274 9 13344 11 13465 9 13534 13 13657 10 13695 3 13725 15 13849 12 13886 6 13916 16 14041 17 14068 17 14107 18 14233 86 14425 89 14617 88 14808 87 15000 86 15191 63 15255 22 15383 62 15448 20 15575 62 15643 16 15767 61 15839 10 15959 51 16011 2 16014 5 16151 48 16207 2 16343 47 16535 20 16562 20 16727 19 16755 20 16918 20 16947 20 17110 20 17139 20 17302 20 17332 19 17495 18 17524 19 17687 18 17715 20 17880 16 17907 19 18072 16 18099 18 18128 3 18265 16 18291 18 18319 5 18458 16 18482 19 18511 5 18651 16 18673 20 18702 7 18843 19 18864 22 18893 9 18906 3 19035 45 19082 21 19228 68 19420 68 19612 68 19805 67 19997 67 20190 21 20222 33 20384 14 20418 29 20578 7 20611 28 20802 30 20835 3 20993 38 21184 41 21374 43 21564 46 21756 46 21949 45 22142 43 22336 41 22531 5 22540 28 22733 15 22756 1 22926 13 23118 13 23311 12 23504 7 23513 2 23697 5 23890 3 24083 2
559dd97d-9e19-aee4-597f-1c0ea2c09105,11072 1 11263 3 11452 7 11644 8 11835 9 12027 10 12173 1 12218 11 12362 5 12410 11 12553 6 12602 12 12745 7 12794 12 12936 8 12986 12 13127 10 13169 5 13177 13 13318 11 13359 24 13509 13 13550 26 13700 15 13740 30 13890 21 13930 35 14076 32 14119 40 14264 88 14453 91 14645 91 14838 90 15031 90 15223 90 15415 91 15607 92 15798 94 15990 95 16181 94 16372 93 16563 93 16740 3 16749 98 16931 108 17122 110 17314 110 17506 110 17698 110 17891 109 18084 108 18277 107 18469 107 18661 106 18854 105 19046 105 19238 105 19431 13 19450 85 19623 12 19643 49 19693 34 19816 10 19836 47 19886 34 20008 9 20028 47 20079 33 20201 8 20220 47 20272 33 20394 6 20413 47 20463 35 20605 86 20797 87 20989 87 21181 87 21374 6 21386 75 21566 5 21579 74 21759 2 21771 74 21849 4 21963 74 22040 5 22155 75 22231 6 22347 83 22539 83 22731 83 22922 68 22993 13 23114 66 23186 12 23306 65 23378 12 23498 64 23570 11 23691 63 23763 10 23883 62 23955 9 24076 26 24105 31 24148 6 24269 24 24298 31 24341 4 24462 22 24491 31 24524 3 24535 1 24655 22 24684 36 24848 21 24876 37 25040 22 25067 39 25233 12 25247 8 25258 42 25301 3 25426 9 25446 1 25451 46 25618 8 25645 45 25811 7 25838 45 26003 6 26031 44 26195 6 26224 43 26387 6 26416 43 26579 6 26608 42 26771 6 26801 41 26962 7 26994 39 27151 10 27186 38 27343 10 27378 38 27536 10 27570 37 27729 9 27763 36 27921 9 27955 35 28114 8 28148 26 28176 5 28307 7 28341 17 28359 6 28499 6 28534 15 28553 5 28693 1 28726 13 28746 4 28919 11 28939 3 29115 1 29133 1
23beafe1-890c-89a9-94f8-e19131510598,2534 5 2725 7 2916 9 3107 11 3299 11 3491 11 3683 11 3875 11 4068 9 4261 7 4454 5
8b456823-f566-1b4c-e245-5abc546443b6,23212 5 23403 7 23594 9 23785 11 23977 11 24169 11 24361 11 24553 11 24746 9 24939 7 25132 5
25139553-5417-30c8-7b48-b84d8408739c,8727 5 8918 7 9109 9 9300 11 9492 11 9684 11 9876 11 10068 11 10261 9 10454 7 10647 5
8128ac5f-a2c3-2188-ba23-4abb8f6917cf,27500 5 27691 7 27882 9 28073 11 28265 11 28457 11 28649 11 28841 11 29034 9 29227 7 29420 5
7e63c781-a693-e738-767b-333cec0427fc,5879 3 6069 8 6261 8 6452 9 6644 9 6836 10 7028 14 7219 19 7371 9 7406 25 7560 14 7596 28 7752 16 7787 30 7945 16 7978 32 8138 18 8168 35 8331 19 8358 39 8523 19 8550 43 8701 5 8715 16 8743 44 8892 7 8907 15 8936 44 9083 9 9099 14 9129 45 9275 9 9291 13 9322 32 9355 13 9467 10 9482 13 9516 29 9548 12 9659 11 9673 10 9709 27 9740 11 9850 24 9902 24 9933 10 10042 25 10094 13 10127 7 10233 27 10285 13 10323 2 10425 27 10477 13 10617 28 10669 13 10809 30 10861 13 11001 32 11053 13 11194 34 11244 14 11282 1 11387 35 11436 14 11473 2 11579 29 11613 6 11627 16 11663 4 11771 28 11806 5 11818 17 11855 4 11962 28 11998 5 12009 18 12046 4 12154 29 12190 6 12198 21 12238 5 12346 30 12381 29 12429 7 12538 65 12620 11 12730 66 12811 14 12827 2 12922 66 13002 19 13113 68 13184 29 13305 99 13497 99 13689 98 13880 99 14072 98 14264 98 14445 2 14455 99 14637 3 14645 101 14829 110 15021 110 15213 110 15404 110 15595 109 15783 112 15972 114 16162 114 16354 113 16547 112 16739 111 16930 111 17122 111 17314 110 17505 111 17697 111 17888 112 18080 2 18084 108 18277 108 18469 108 18661 108 18853 108 19045 109 19237 109 19429 109 19622 108 19815 107 20008 107 20202 106 20315 6 20395 119 20586 120 20778 121 20969 121 21161 121 21353 28 21395 79 21544 26 21590 75 21735 26 21783 61 21847 10 21921 29 21974 61 22040 8 22111 28 22165 61 22233 6 22302 28 22356 62 22426 5 22493 28 22547 63 22619 3 22685 28 22738 65 22811 3 22877 27 22929 67 23003 3 23069 26 23120 69 23194 5 23261 24 23311 71 23385 6 23453 23 23502 82 23645 22 23694 84 23836 23 23886 85 24028 24 24077 87 24211 2 24219 27 24268 88 24402 5 24410 29 24459 53 24515 33 24594 39 24648 54 24714 26 24786 5 24793 32 24838 54 24907 26 24998 20 25025 8 25040 42 25102 24 25191 28 25233 40 25300 22 25384 25 25425 39 25493 22 25578 19 25618 37 25685 23 25772 14 25810 36 25877 23 25975 2 26003 35 26070 22 26196 14 26212 17 26263 20 26391 10 26406 15 26455 19 26602 11 26646 20 26795 10 26838 18 26987 10 27029 18 27179 9 27221 17 27370 10 27413 17 27561 11 27605 11 27759 5 27797 10 27952 3 27992 6 28145 2
56d3ff88-9939-0ff5-966c-f2af3e6355fc,14300 5 14491 7 14682 9 14873 11 15065 11 15257 11 15449 11 15641 11 15834 9 16027 7 16220 5
9e421582-e6a2-fa86-b846-4d2ad5ee91ef,15955 5 16146 7 16337 9 16528 11 16720 11 16912 11 17104 11 17296 11 17489 9 17682 7 17875 5
b9c0de9b-768c-f697-013b-30720130c6db,27172 5 27363 7 27554 9 27745 11 27937 11 28129 11 28321 11 28513 11 28706 9 28899 7 29092 5
3bac36aa-0661-d74f-79de-5b7f631ef4e5,5593 5 5784 7 5975 9 6166 11 6358 11 6550 11 6742 11 6934 11 7127 9 7320 7 7513 5
0ffb8bec-80a9-0c75-4067-d043b5095444,17823 5 18014 7 18205 9 18396 11 18588 11 18780 11 18972 11 19164 11 19357 9 19550 7 19743 5
46ea6dd6-f8bc-63f7-fda5-5e62a731bee6,11097 5 11288 7 11479 9 11670 11 11862 11 12054 11 12246 11 12438 11 12631 9 12824 7 13017 5
4872f1f7-3b6d-040b-5438-6cb57cfb1112,12350 5 12541 7 12732 9 12923 11 13115 11 13307 11 13499 11 13691 11 13884 9 14077 7 14270 5
3a8fc49d-c1f9-1509-3a21-449ce49ee7a8,26651 5 26842 7 27033 9 27224 11 27416 11 27608 11 27800 11 27992 11 28185 9 28378 7 28571 5
1e8f9ceb-e6ef-2e75-ff58-001f79e59441,7188 5 7379 7 7570 9 7761 11 7953 11 8145 11 8337 11 8529 11 8722 9 8915 7 9108 5
410b1906-2797-6c1c-ad90-d100a4f74d52,12231 5 12422 7 12613 9 12804 11 12996 11 13188 11 13380 11 13572 11 13765 9 13958 7 14151 5
e3ed007f-7dbe-3ae9-72cf-d82f385d832b,3330 5 3521 7 3712 9 3903 11 4095 11 4287 11 4479 11 4671 11 4864 9 5057 7 5250 5
0cfa9989-0920-6f69-805c-ca89238e869e,24942 5 25133 7 25324 9 25515 11 25707 11 25899 11 26091 11 26283 11 26476 9 26669 7 26862 5
a343f8a3-65bc-3af9-d35d-4bd483c137e0,13603 5 13794 7 13985 9 14176 11 14368 11 14560 11 14752 11 14944 11 15137 9 15330 7 15523 5
73d5e678-b0cd-e3cb-3234-238699838133,14254 5 14445 7 14636 9 14827 11 15019 11 15211 11 15403 11 15595 11 15788 9 15981 7 16174 5
bcc15caa-4f7c-dec6-7145-e2e03df6c7af,7852 5 8043 7 8234 9 8425 11 8617 11 8809 11 9001 11 9193 11 9386 9 9579 7 9772 5
e3548cbf-710f-10c6-9d92-6897a328fb49,6805 5 6996 7 7187 9 7378 11 7570 11 7762 11 7954 11 8146 11 8339 9 8532 7 8725 5
94cd7c4e-2850-01b2-ce68-c1dcaaafaa1b,32418 5 32609 7 32800 9 32991 11 33183 11 33375 11 33567 11 33759 11 33952 9 34145 7 34338 5
e22c2280-b05e-97ca-b371-e7c5957093d4,10661 5 10851 9 11042 11 11233 13 11424 15 11616 15 11807 17 11999 17 12191 17 12352 1 12383 17 12543 3 12576 15 12735 3 12768 14 12926 5 12960 13 13117 6 13153 11 13308 8 13346 10 13463 2 13500 8 13539 8 13653 5 13691 9 13731 8 13841 9 13883 10 13924 7 14033 8 14075 11 14116 7 14225 7 14266 28 14308 7 14418 6 14458 31 14500 7 14610 5 14650 33 14692 6 14803 4 14842 34 14884 6 14995 4 15034 35 15076 6 15187 4 15225 37 15268 6 15378 6 15417 38 15459 8 15570 8 15609 15 15629 30 15762 9 15801 14 15822 29 15860 6 15954 10 15993 15 16013 31 16051 8 16146 11 16185 52 16241 11 16338 12 16376 69 16530 13 16568 70 16722 15 16760 70 16914 17 16952 70 17106 27 17143 72 17298 33 17333 75 17490 111 17682 114 17874 116 18066 118 18259 116 18451 113 18643 110 18835 3 18849 13 18877 66 19028 1 19042 11 19083 51 19235 8 19277 48 19430 3 19470 46 19662 46 19855 6 19864 35 20057 33 20249 33 20442 32 20634 32 20826 32 21018 32 21211 30 21391 5 21403 30 21581 10 21594 31 21771 45 21962 45 22154 44 22346 43 22537 43 22729 16 22747 11 22759 12 22922 14 22940 9 22952 10 23115 12 23133 9 23143 11 23309 8 23325 22 23517 22 23710 21 23902 21 24094 21 24287 20 24479 20 24671 4 24677 14 24864 2 24871 11 25064 9 25259 5
665f2a61-8c4f-9918-5866-bc4c63661280,9326 5 9517 7 9708 9 9899 11 10091 11 10283 11 10475 11 10667 11 10860 9 11053 7 11246 5
dd75612b-b957-068b-04ba-a177b70f6d5d,10302 3 10491 8 10682 9 10873 11 11060 16 11250 19 11442 21 11635 22 11796 2 11828 22 11988 3 12021 21 12179 5 12212 23 12358 2 12370 7 12400 27 12549 4 12561 10 12588 31 12739 7 12752 12 12777 35 12930 9 12944 13 12965 40 13122 10 13135 62 13313 11 13327 63 13505 12 13520 62 13697 12 13712 62 13888 12 13905 62 14074 18 14099 7 14107 52 14265 18 14300 52 14457 16 14493 52 14649 10 14661 2 14685 53 14840 10 14876 54 15032 10 15067 56 15223 11 15258 57 15415 11 15449 58 15607 11 15639 60 15799 10 15828 56 15991 10 16018 57 16183 9 16208 59 16375 8 16397 61 16567 8 16584 65 16758 10 16771 70 16950 82 17142 82 17333 82 17525 81 17717 81 17909 80 18101 80 18293 79 18485 79 18676 80 18867 39 18910 38 19059 30 19105 35 19256 23 19298 33 19450 20 19490 33 19643 19 19682 33 19836 17 19874 33 20028 16 20066 32 20222 12 20258 32 20415 10 20450 31 20610 7 20642 31 20803 5 20834 31 20996 4 21026 30 21189 2 21219 28 21381 1 21412 27 21608 20 21629 2 21802 17 21995 16 22189 13 22382 12 22575 11 22767 12 22959 12 23151 13 23343 13 23535 14 23727 13 23919 12 24112 11 24304 10 24497 8 24690 5
6a2111de-c17e-3be4-affd-934eb6c2c545,20060 5 20251 7 20442 9 20633 11 20825 11 21017 11 21209 11 21401 11 21594 9 21787 7 21980 5
dbf0740d-7d43-377b-48f1-85dc8a5bc486,31160 5 31351 7 31542 9 31733 11 31925 11 32117 11 32309 11 32501 11 32694 9 32887 7 33080 5
7fda9f22-39e8-c96a-f50b-11384021cc61,25300 5 25491 7 25682 9 25873 11 26065 11 26257 11 26449 11 26641 11 26834 9 27027 7 27220 5
ed216086-783b-8ee3-7f60-88d6bba79bf3,3420 5 3611 7 3802 9 3993 11 4185 11 4377 11 4569 11 4761 11 4954 9 5147 7 5340 5
491128b1-579e-5b18-0a1f-044c3330c433,5324 5 5515 7 5706 9 5897 11 6089 11 6281 11 6473 11 6665 11 6858 9 7051 7 7244 5
d4fc16b4-70c5-87e8-2810-45cb026457c1,30988 5 31179 7 31370 9 31561 11 31753 11 31945 11 32137 11 32329 11 32522 9 32715 7 32908 5
0f080a04-d520-ed3f-2b11-3092bba08b78,23941 5 24132 7 24323 9 24514 11 24706 11 24898 11 25090 11 25282 11 25475 9 25668 7 25861 5
19cca0ea-1df7-5df3-c5c2-b7e24ef1d981,9170 5 9361 7 9552 9 9743 11 9935 11 10127 11 10319 11 10511 11 10704 9 10897 7 11090 5
28501467-b6b0-3138-58e3-f60bf2cad5e0,7210 1 7401 3 7549 2 7593 3 7739 6 7774 7 7784 5 7930 8 7964 17 8122 9 8154 19 8315 9 8345 20 8507 15 8523 2 8535 23 8700 6 8707 45 8893 4 8900 46 9085 3 9092 47 9277 3 9284 48 9469 3 9477 47 9661 4 9669 47 9845 2 9852 5 9860 48 10037 2 10043 7 10051 49 10228 4 10234 58 10420 63 10611 64 10803 63 10995 62 11187 62 11378 64 11568 67 11758 71 11950 79 12143 74 12337 66 12530 63 12722 62 12913 63 13105 63 13296 64 13488 63 13680 63 13872 63 14063 64 14255 64 14446 66 14638 66 14830 67 15022 68 15214 69 15407 68 15601 67 15797 65 15990 4 15996 59 16183 2 16189 67 16376 1 16381 67 16572 66 16760 2 16763 66 16951 68 17141 69 17332 71 17523 72 17715 72 17907 72 18099 72 18292 72 18484 74 18677 75 18869 76 19060 76 19251 72 19442 72 19633 72 19823 73 20014 73 20204 74 20395 14 20410 60 20585 10 20603 59 20776 8 20794 61 20967 6 20984 63 21159 2 21175 65 21366 67 21557 68 21749 27 21782 35 21941 17 21981 28 22134 15 22174 27 22326 15 22367 25 22518 15 22560 23 22710 16 22753 21 22903 15 22946 19 23095 14 23140 16 23287 14 23334 12 23479 14 23527 10 23671 14 23721 6 23863 14 24054 14 24246 13 24438 3 24445 6 24629 3 24638 6 24831 6 25025 5 25219 4 25413 3
e72802c5-2e8c-9ebf-ecbf-b5f292cccd2b,7194 5 7385 7 7576 9 7767 11 7959 11 8151 11 8343 11 8535 11 8728 9 8921 7 9114 5
9c45cd38-6306-e3bc-4e25-ae6611419a34,25440 5 25631 7 25822 9 26013 11 26205 11 26397 11 26589 11 26781 11 26974 9 27167 7 27360 5
ee540fc9-c844-ae17-a881-ee701c17e4d1,2357 5 2548 7 2739 9 2930 11 3122 11 3314 11 3506 11 3698 11 3891 9 4084 7 4277 5
86652981-62c3-57c1-1790-0817957fe526,11439 5 11630 7 11821 9 12012 11 12204 11 12396 11 12588 11 12780 11 12973 9 13166 7 13359 5
f0269472-ea19-5765-a317-75a850b4776d,25671 5 25862 7 26053 9 26244 11 26436 11 26628 11 26820 11 27012 11 27205 9 27398 7 27591 5
0e605340-3eee-4708-63f1-e32ebd74e0fd,24720 5 24911 7 25102 9 25293 11 25485 11 25677 11 25869 11 26061 11 26254 9 26447 7 26640 5
3e3208ac-ac40-1a43-e3e4-d4d610e5992b,21400 5 21591 7 21782 9 21973 11 22165 11 22357 11 22549 11 22741 11 22934 9 23127 7 23320 5
c86001d7-1f78-858e-81dc-0dca0db7454e,32657 5 32848 7 33039 9 33230 11 33422 11 33614 11 33806 11 33998 11 34191 9 34384 7 34577 5
675871fc-9670-a15c-461f-bba83cb8cee3,11402 5 11593 7 11784 9 11975 11 12167 11 12359 11 12551 11 12743 11 12936 9 13129 7 13322 5
cfbe3244-da5e-7163-06e2-ed92f7672cf6,8864 8 8926 5 9054 10 9117 7 9245 11 9309 8 9436 13 9500 9 9627 14 9691 11 9818 15 9882 13 10009 16 10073 15 10198 19 10265 15 10391 4 10396 4 10402 6 10457 14 10583 3 10589 2 10595 5 10648 15 10775 2 10781 2 10787 4 10840 14 10967 3 10979 4 11031 15 11159 3 11171 4 11222 17 11351 3 11363 5 11413 21 11544 1 11555 4 11605 22 11736 1 11747 4 11796 24 11927 3 11939 4 11986 27 12119 2 12131 5 12176 30 12221 1 12318 2 12323 10 12345 58 12411 5 12509 3 12515 100 12701 4 12707 100 12893 4 12901 96 13085 3 13114 56 13180 4 13277 4 13308 52 13373 2 13469 5 13501 48 13565 1 13661 6 13692 48 13757 2 13852 81 13948 3 14045 80 14140 3 14238 78 14332 3 14430 78 14524 4 14623 4 14650 51 14715 7 14814 4 14843 51 14906 9 15005 6 15034 52 15097 11 15197 7 15221 57 15288 12 15388 82 15480 12 15580 82 15672 12 15772 82 15864 12 15965 12 15984 63 16055 13 16158 10 16177 64 16243 16 16350 11 16370 80 16542 12 16562 70 16635 6 16733 14 16754 69 16828 4 16925 15 16946 69 17117 15 17138 26 17165 42 17309 14 17331 23 17359 40 17502 12 17523 22 17552 39 17695 10 17717 19 17745 37 17888 8 17911 16 17937 37 18082 4 18105 11 18129 37 18300 6 18321 37 18513 37 18705 37 18897 38 19090 39 19132 4 19282 47 19475 47 19666 49 19857 51 20044 57 20235 58 20427 59 20621 59 20818 55 21011 55 21202 55 21394 55 21585 55 21776 56 21967 57 22158 48 22210 4 22350 43 22542 42 22726 2 22734 41 22917 3 22926 40 23109 4 23117 40 23300 34 23336 12 23491 34 23535 4 23679 38 23728 2 23866 43 23921 1 24060 40 24257 17 24279 13 24450 11 24473 10 24643 8 24667 9 24835 7 24860 8 25027 7 25053 8 25220 5 25246 7 25413 4 25438 7 25605 3 25631 6 25824 4
1985e658-c285-d740-dd6b-81ff5d046595,31719 5 31910 7 32101 9 32292 11 32484 11 32676 11 32868 11 33060 11 33253 9 33446 7 33639 5
57156f24-5c58-8ff3-7d39-3c9e728ee2a9,14049 5 14240 7 14431 9 14622 11 14814 11 15006 11 15198 11 15390 11 15583 9 15776 7 15969 5
abf157f7-ab99-0dde-53d9-689a0ecd8acd,29046 5 29237 7 29428 9 29619 11 29811 11 30003 11 30195 11 30387 11 30580 9 30773 7 30966 5
19585441-d171-6c4a-f7d5-f65a2d679441,12696 5 12887 7 13078 9 13269 11 13461 11 13653 11 13845 11 14037 11 14230 9 14423 7 14616 5
c60f0550-75c4-1ede-6b6d-22b8d643791c,6841 5 7032 7 7223 9 7414 11 7606 11 7798 11 7990 11 8182 11 8375 9 8568 7 8761 5
fdb96db1-38de-e823-8804-3ea58c9fc840,26191 5 26382 7 26573 9 26764 11 26956 11 27148 11 27340 11 27532 11 27725 9 27918 7 28111 5
d77e72ae-c347-4f05-053d-5199bd86f0ad,18358 5 18549 7 18740 9 18931 11 19123 11 19315 11 19507 11 19699 11 19892 9 20085 7 20278 5
191d0592-6700-aa86-ea71-23f30a3c0f81,24508 5 24699 7 24890 9 25081 11 25273 11 25465 11 25657 11 25849 11 26042 9 26235 7 26428 5
187aa38a-bab4-75aa-acca-27a206afd4f2,20042 5 20233 7 20424 9 20615 11 20807 11 20999 11 21191 11 21383 11 21576 9 21769 7 21962 5
580e882f-999c-5631-6d0d-227ae7045e7c,24217 5 24408 7 24599 9 24790 11 24982 11 25174 11 25366 11 25558 11 25751 9 25944 7 26137 5
0104e4d9-f772-50a8-a4c8-7763eabfcbc1,6691 5 6882 7 7073 9 7264 11 7456 11 7648 11 7840 11 8032 11 8225 9 8418 7 8611 5
4f51c636-4c9b-c764-5164-3092fcca77f7,20897 5 21088 7 21279 9 21470 11 21662 11 21854 11 22046 11 22238 11 22431 9 22624 7 22817 5
d8357df8-e534-89fa-bdb9-dcc5732618b3,7635 5 7826 7 8017 9 8208 11 8400 11 8592 11 8784 11 8976 11 9169 9 9362 7 9555 5
1830ffd5-8b6a-4d4e-a077-e90ce2768643,6289 5 6480 7 6671 9 6862 11 7054 11 7246 11 7438 11 7630 11 7823 9 8016 7 8209 5
e48f9a3d-7bee-9de2-fb9f-c39c46fd3a2e,22959 5 23150 7 23341 9 23532 11 23724 11 23916 11 24108 11 24300 11 24493 9 24686 7 24879 5
afaeb7a9-0dc5-a7a9-a7ce-7aa90368ea84,32658 5 32849 7 33040 9 33231 11 33423 11 33615 11 33807 11 33999 11 34192 9 34385 7 34578 5
a4e33697-1967-e258-d3f3-47a12930df07,15580 5 15771 7 15962 9 16153 11 16345 11 16537 11 16729 11 16921 11 17114 9 17307 7 17500 5
9b51708b-9a5e-14d2-8bdd-b0c30b1ed3a3,7800 5 7991 7 8182 9 8373 11 8565 11 8757 11 8949 11 9141 11 9334 9 9527 7 9720 5
ef389ebf-8f68-1739-b5ae-e98ffab30a30,4497 5 4688 7 4879 9 5070 11 5262 11 5454 11 5646 11 5838 11 6031 9 6224 7 6417 5
86f83916-9718-d936-d72d-98f2ee9d6bd4,14073 5 14264 7 14455 9 14646 11 14838 11 15030 11 15222 11 15414 11 15607 9 15800 7 15993 5
fe9281fb-8c74-d097-a953-308e77c09f2e,9155 5 9346 7 9537 9 9728 11 9920 11 10112 11 10304 11 10496 11 10689 9 10882 7 11075 5
efaae631-39a4-9230-9ec3-ded7dbb0a4ac,10474 5 10665 7 10856 9 11047 11 11239 11 11431 11 11623 11 11815 11 12008 9 12201 7 12394 5
6230b168-fd6d-47e4-bc6a-36c7972fe88a,9548 5 9739 7 9930 9 10121 11 10313 11 10505 11 10697 11 10889 11 11082 9 11275 7 11468 5
2773c34f-f314-18a6-eb27-739eb717c742,4764 5 4955 7 5146 9 5337 11 5529 11 5721 11 5913 11 6105 11 6298 9 6491 7 6684 5
97f67fbd-7e9e-ff7d-f7fc-b59dffd92d8b,18676 5 18867 7 19058 9 19249 11 19441 11 19633 11 19825 11 20017 11 20210 9 20403 7 20596 5
9fec06d8-4f73-123b-ed35-885cc85b1d61,15394 5 15585 7 15776 9 15967 11 16159 11 16351 11 16543 11 16735 11 16928 9 17121 7 17314 5
60c4fe1d-2577-1c93-585e-a7432c11b1cf,10594 5 10785 7 10976 9 11167 11 11359 11 11551 11 11743 11 11935 11 12128 9 12321 7 12514 5
c2336ba3-798b-b474-77e5-fe9b85ce5c18,5283 5 5474 7 5665 9 5856 11 6048 11 6240 11 6432 11 6624 11 6817 9 7010 7 7203 5
f5c9aed3-673d-dbd1-05fc-1a963ac3413a,16754 6 16761 2 16767 2 16771 1 16946 10 16958 6 17141 13 17338 7 17532 4 17725 3 17918 2 18111 2 18118 3 18304 9 18496 10 18688 11 18881 10 19073 11 19265 11 19308 5 19457 11 19499 7 19650 11 19675 4 19690 9 19842 15 19865 10 19881 10 20035 16 20054 29 20226 48 20417 49 20608 49 20799 47 20990 46 21172 3 21180 47 21363 56 21555 56 21748 54 21940 53 22133 52 22326 8 22337 41 22519 6 22531 40 22713 5 22724 41 22906 6 22917 28 22948 18 23099 7 23109 27 23141 16 23292 7 23300 8 23310 19 23332 18 23486 13 23504 40 23679 12 23697 40 23872 11 23889 41 24065 11 24080 43 24257 58 24448 60 24640 61 24832 11 24847 48 25023 11 25041 48 25215 11 25235 34 25270 12 25408 10 25428 29 25463 12 25600 11 25621 27 25656 12 25792 12 25814 27 25847 12 25985 11 26007 44 26177 11 26199 8 26208 35 26370 10 26392 6 26402 5 26418 17 26562 9 26585 5 26611 17 26754 7 26778 4 26804 16 26946 5 26970 4 26997 16 27138 4 27163 3 27189 16 27330 4 27355 4 27381 15 27522 5 27547 5 27573 15 27714 8 27739 8 27765 14 27906 13 27930 10 27957 14 28097 22 28121 12 28148 15 28288 38 28335 19 28480 39 28526 19 28671 41 28715 21 28864 64 29056 40 29098 22 29249 5 29261 23 29292 19 29454 21 29485 17 29646 21 29677 16 29839 3 29844 15 29869 15 30038 13 30060 15 30231 11 30252 14 30424 10 30444 13 30617 7 30636 13 30811 3 30828 12 31021 10 31213 9 31405 8 31598 7 31791 5
245aa4e2-3ca2-f9f1-1907-91e33aad6f99,14363 5 14554 7 14745 9 14936 11 15128 11 15320 11 15512 11 15704 11 15897 9 16090 7 16283 5
808dcdfb-0123-0ee7-84ca-e2d38091c188,8317 5 8508 7 8699 9 8890 11 9082 11 9274 11 9466 11 9658 11 9851 9 10044 7 10237 5
5500c1c6-ca9d-2215-31a4-0cf0b56a45f4,17169 5 17360 7 17551 9 17742 11 17934 11 18126 11 18318 11 18510 11 18703 9 18896 7 19089 5
fef514c2-ef29-f893-446e-eef5665b8490,13099 5 13290 7 13481 9 13672 11 13864 11 14056 11 14248 11 14440 11 14633 9 14826 7 15019 5
9bbb9bf9-9643-7c2d-c66c-26d1c7eea1cc,10645 1 10837 4 10986 4 11031 5 11178 5 11225 4 11369 6 11387 3 11405 5 11419 4 11561 7 11578 4 11595 7 11612 6 11753 7 11769 6 11785 10 11805 7 11946 5 11961 7 11977 11 11998 9 12139 5 12152 9 12168 13 12189 15 12332 42 12380 18 12523 68 12714 71 12906 73 13098 73 13290 42 13337 26 13482 41 13531 25 13675 30 13709 6 13724 24 13867 2 13871 25 13902 5 13917 24 14059 1 14064 24 14094 5 14109 8 14120 14 14256 24 14286 5 14301 7 14313 7 14449 22 14478 5 14493 6 14504 7 14641 22 14671 3 14685 6 14696 7 14833 21 14877 6 14888 8 15019 1 15025 21 15069 7 15079 9 15210 2 15218 21 15261 8 15270 10 15402 3 15410 21 15453 20 15594 3 15602 22 15644 25 15786 3 15794 23 15836 33 15977 5 15985 25 16027 35 16169 6 16176 28 16218 37 16361 40 16408 39 16552 86 16743 86 16933 79 17124 79 17315 79 17506 80 17699 79 17891 78 18083 78 18275 77 18467 76 18659 74 18851 72 19043 71 19236 70 19428 16 19445 52 19621 14 19638 51 19813 13 19830 51 20006 11 20022 51 20200 7 20215 23 20248 17 20407 22 20441 16 20599 21 20635 14 20792 3 20796 15 20828 13 20984 2 20990 12 21022 11 21183 10 21215 9 21375 6 21408 7 21568 3 21601 6 21761 1 21793 6 21985 5 22177 5 22369 6 22560 15 22751 18 22941 20 23131 23 23323 23 23515 24 23708 23 23901 22 24093 22 24285 21 24476 11 24493 2 24668 10 24860 10 25052 10 25244 8 25440 1
2895d3aa-70d5-7817-01f1-7c87dfad22a4,2326 3 2516 8 2706 12 2898 13 3089 14 3281 14 3473 15 3665 15 3857 16 4049 18 4241 19 4434 19 4626 20 4819 16 5012 14 5205 12 5397 13 5589 13 5781 6 5789 6 5973 5 5982 6 6165 4 6175 6 6358 3 6368 5 6550 3 6561 5 6742 3 6754 5 6765 2 6934 3 6946 14 7126 3 7139 14 7318 3 7332 14 7510 3 7524 15 7702 3 7717 14 7894 3 7909 14 8086 3 8101 14 8278 3 8294 13 8470 3 8487 12 8662 3 8680 10 8854 3 8873 8 9046 3 9066 6
1348551d-d39d-8e56-585d-e86419d3bfb0,12619 5 12810 7 13001 9 13192 11 13384 11 13576 11 13768 11 13960 11 14153 9 14346 7 14539 5
d220daac-5d0a-8e2e-c12d-07bf93c31cb3,31406 5 31597 7 31788 9 31979 11 32171 11 32363 11 32555 11 32747 11 32940 9 33133 7 33326 5
f60f8fa3-3c47-ad19-773a-a21e73353540,28861 5 29052 7 29243 9 29434 11 29626 11 29818 11 30010 11 30202 11 30395 9 30588 7 30781 5
263f9577-ccd9-98b1-9c0b-6ceea2c68b9e,6735 5 6926 7 7117 9 7308 11 7500 11 7692 11 7884 11 8076 11 8269 9 8462 7 8655 5
ef92737c-2ffe-f007-8fe5-18bd906295a0,4071 5 4262 7 4453 9 4644 11 4836 11 5028 11 5220 11 5412 11 5605 9 5798 7 5991 5
70b77814-fa8b-323c-2233-70500b36af5e,3237 5 3428 7 3619 9 3810 11 4002 11 4194 11 4386 11 4578 11 4771 9 4964 7 5157 5
6f0819ba-f6ba-6533-60ff-183862f25f1f,15084 5 15275 7 15466 9 15657 11 15849 11 16041 11 16233 11 16425 11 16618 9 16811 7 17004 5
e6f9b2e1-75b2-6580-e8aa-f1d2c0e0f43e,13198 5 13389 7 13580 9 13771 11 13963 11 14155 11 14347 11 14539 11 14732 9 14925 7 15118 5
555cf896-090a-9924-8045-90fe3390bc74,25114 1 25305 3 25496 5 25687 6 25878 7 26069 9 26260 10 26450 13 26642 14 26833 15 27025 16 27217 17 27409 17 27602 16 27794 16 27986 16 28178 16 28371 15 28563 14 28755 13 28947 10
610a3c88-dcc5-9967-32f3-7fde244fb109,23257 5 23448 7 23639 9 23830 11 24022 11 24214 11 24406 11 24598 11 24791 9 24984 7 25177 5
a1efbca4-e7c2-c293-d56e-37f192f38732,31992 5 32183 7 32374 9 32565 11 32757 11 32949 11 33141 11 33333 11 33526 9 33719 7 33912 5
d707279b-1a00-2781-c01b-7ce54019e57b,4743 5 4934 7 5125 9 5316 11 5508 11 5700 11 5892 11 6084 11 6277 9 6470 7 6663 5
aef9f182-8582-e71e-b47e-76cafa5dc871,15701 5 15892 7 16083 9 16274 11 16466 11 16658 11 16850 11 17042 11 17235 9 17428 7 17621 5
1fff5b49-8908-3630-b127-4f8637ca4b89,25069 5 25260 7 25451 9 25642 11 25834 11 26026 11 26218 11 26410 11 26603 9 26796 7 26989 5
473dc3ad-074b-9493-75f2-e0bf90034ad7,30552 5 30743 7 30934 9 31125 11 31317 11 31509 11 31701 11 31893 11 32086 9 32279 7 32472 5
0b4cef85-901d-667d-b506-0c1810c82e77,16654 5 16845 7 17036 9 17227 11 17419 11 17611 11 17803 11 17995 11 18188 9 18381 7 18574 5
73991151-17d9-e74e-4231-2cfb9bb0df15,28148 5 28339 7 28530 9 28721 11 28913 11 29105 11 29297 11 29489 11 29682 9 29875 7 30068 5
72794174-38cc-e4de-65ea-87c4a310db62,9159 3 9349 10 9539 12 9730 14 9922 15 10113 15 10305 15 10496 16 10679 3 10685 19 10870 27 11007 4 11061 28 11197 7 11253 29 11388 9 11444 30 11573 17 11635 31 11763 22 11826 32 11955 23 12016 33 12146 26 12207 34 12338 27 12401 31 12529 30 12594 29 12720 34 12785 30 12911 38 12976 30 13103 39 13165 33 13294 41 13356 33 13485 43 13546 35 13677 44 13736 38 13869 46 13926 40 14063 48 14117 41 14257 94 14450 94 14643 94 14835 95 15027 96 15132 3 15219 97 15323 5 15411 97 15514 7 15603 97 15704 9 15795 98 15895 10 15971 1 15986 111 16160 7 16177 112 16351 9 16368 114 16543 10 16559 117 16734 12 16750 119 16926 12 16941 122 17118 12 17133 122 17311 10 17325 123 17504 8 17516 124 17697 8 17707 125 17889 134 18082 132 18274 126 18466 124 18658 117 18776 4 18849 116 19041 115 19232 116 19419 121 19611 121 19803 121 19995 121 20189 2 20192 78 20282 27 20385 71 20481 20 20583 64 20674 19 20778 60 20865 20 20972 57 21055 22 21165 57 21247 21 21358 57 21438 22 21549 59 21630 21 21741 60 21822 21 21934 3 21939 55 22014 19 22126 2 22132 55 22206 18 22325 54 22397 16 22518 54 22589 15 22709 55 22781 15 22894 1 22900 56 22972 16 23085 4 23091 58 23162 18 23276 96 23467 97 23658 97 23850 96 24042 74 24121 15 24235 7 24243 64 24314 3 24321 5 24428 5 24436 37 24484 16 24505 3 24628 36 24678 23 24819 36 24871 25 25011 36 25063 26 25203 35 25255 27 25395 34 25448 26 25587 34 25640 26 25779 34 25833 25 25972 32 26026 24 26165 31 26219 23 26357 31 26412 22 26548 32 26608 18 26740 32 26801 17 26931 34 26994 15 27123 35 27186 15 27314 36 27379 13 27506 37 27571 13 27698 37 27764 12 27890 37 27955 13 28082 37 28147 13 28274 37 28339 13 28466 38 28532 12 28658 39 28724 11 28850 40 28917 9 29042 41 29109 8 29234 37 29303 5 29426 19 29450 11 29496 3 29619 16 29643 9 29690 1 29811 14 29834 10 30003 13 30025 10 30194 13 30216 10 30386 12 30406 11 30578 12 30597 12 30770 12 30789 11 30962 12 30981 8 31155 10 31174 4 31348 9 31541 7 31735 2
9489dfff-7972-8880-07b5-a56e73339874,26576 5 26767 7 26958 9 27149 11 27341 11 27533 11 27725 11 27917 11 28110 9 28303 7 28496 5
dbbc418b-34e2-ad61-ffd3-c4b6bdcad2de,27408 2 27600 2 27791 4 27983 4 28174 5 28365 7 28554 11 28745 14 28936 16 29127 18 29318 19 29510 20 29701 21 29892 22 30084 22 30276 21 30469 20 30662 18 30856 16 31050 13 31243 10 31437 7 31631 4 31824 2 32016 2
e9e0de3f-33ba-098a-325b-e549ef6fd10a,8302 5 8493 7 8684 9 8875 11 9067 11 9259 11 9451 11 9643 11 9836 9 10029 7 10222 5
1429746f-3244-2a5c-f58c-3806bdf9a3b1,10292 7 10482 10 10673 11 10865 12 11056 13 11248 13 11440 14 11624 1 11632 14 11815 5 11823 16 12006 26 12197 28 12388 30 12579 32 12772 31 12965 30 13157 30 13351 28 13544 27 13737 26 13929 26 14122 24 14316 21 14509 20 14703 18 14896 17 15089 17 15282 16 15474 16 15667 15 15860 14 16053 12 16246 10 16440 6
6c0c557d-84fb-bdef-fc6b-811a1382341c,25573 5 25764 7 25955 9 26146 11 26338 11 26530 11 26722 11 26914 11 27107 9 27300 7 27493 5
821b8ea8-f638-07b7-97d1-1f59ecb67d6e,5049 4 5235 12 5422 17 5610 22 5796 29 5987 37 6179 10 6194 22 6371 9 6387 22 6563 9 6579 22 6755 9 6773 21 6947 8 6966 20 7139 8 7158 20 7331 7 7349 21 7523 6 7540 23 7580 1 7715 6 7731 26 7771 3 7908 3 7922 29 7962 5 8114 30 8153 7 8305 32 8344 9 8497 49 8689 50 8881 51 9074 51 9266 52 9458 53 9650 54 9841 56 10032 57 10223 57 10413 57 10601 60 10793 59 10984 55 11175 55 11366 35 11402 20 11557 34 11595 19 11647 4 11749 33 11787 18 11836 7 11940 34 11980 17 12024 11 12132 34 12172 17 12209 17 12324 34 12366 13 12399 17 12516 34 12559 11 12590 17 12708 34 12754 5 12781 19 12900 34 12973 21 13093 34 13165 23 13285 35 13356 26 13477 36 13525 11 13541 1 13545 27 13669 37 13715 46 13862 37 13905 46 14055 83 14248 81 14441 79 14633 79 14825 78 15017 32 15054 41 15210 30 15247 40 15402 31 15440 39 15601 25 15631 40 15794 24 15822 42 15986 24 16013 44 16177 26 16204 47 16369 74 16561 74 16752 75 16944 75 17135 76 17321 82 17513 82 17704 84 17897 88 18090 89 18286 86 18479 85 18671 48 18720 35 18862 42 18908 1 18913 33 19053 36 19104 34 19244 36 19294 36 19435 21 19457 14 19485 37 19626 21 19650 13 19676 38 19817 22 19843 12 19867 39 20009 22 20036 12 20059 38 20201 22 20229 11 20250 39 20394 21 20421 11 20441 41 20585 22 20614 11 20631 43 20777 22 20806 61 20969 22 20998 62 21161 23 21189 56 21249 4 21353 23 21381 55 21546 23 21573 54 21739 22 21765 31 21800 18 21931 22 21957 28 21998 11 22123 22 22150 26 22194 6 22316 21 22343 24 22387 5 22507 21 22537 22 22580 3 22699 21 22732 19 22773 2 22891 20 22925 18 23083 19 23118 16 23275 18 23311 15 23468 17 23505 10 23661 16 23698 5 23854 15 24047 14 24240 14 24433 13 24625 13 24817 13 25009 13 25201 10 25393 8 25586 6 25779 4 25973 1
30d2b590-6765-2854-67bb-501ca2c5b766,5615 5 5806 7 5997 9 6188 11 6380 11 6572 11 6764 11 6956 11 7149 9 7342 7 7535 5
96674161-b6b9-b568-07fd-81a43443b37d,8559 14 8750 18 8942 19 9134 21 9326 22 9518 23 9710 23 9901 25 10091 28 10281 30 10473 30 10664 31 10856 31 11048 31 11240 31 11431 31 11623 31 11815 30 12007 29 12174 2 12198 30 12364 5 12389 31 12555 7 12580 31 12747 8 12762 38 12801 1 12938 10 12952 39 13129 54 13321 54 13513 54 13705 54 13898 53 14091 52 14282 53 14473 54 14666 53 14859 52 15053 51 15246 54 15439 53 15632 53 15825 52 16016 54 16208 54 16400 54 16591 55 16784 54 16977 53 17169 54 17363 52 17556 51 17749 50 17941 50 18133 51 18324 53 18515 55 18704 34 18740 7 18748 15 18879 6 18886 43 18933 5 18941 16 19068 53 19125 5 19134 15 19258 55 19316 6 19327 11 19448 57 19508 6 19520 7 19638 60 19699 7 19828 70 20016 75 20206 82 20396 85 20587 86 20779 87 20970 89 21162 90 21354 91 21546 91 21738 91 21929 92 22119 94 22310 95 22501 95 22692 96 22884 95 23075 89 23165 1 23267 86 23459 84 23651 82 23844 78 24037 75 24230 59 24290 12 24423 57 24483 9 24615 58 24674 8 24807 66 24999 65 25191 64 25383 63 25575 63 25767 61 25829 1 25959 59 26152 57 26345 56 26538 56 26730 57 26923 59 27114 60 27306 49 27361 5 27497 48 27556 2 27688 47 27880 46 28072 46 28264 16 28284 25 28457 14 28477 24 28650 13 28670 23 28843 11 28863 21 29037 8 29055 21 29232 2 29248 19 29441 17 29634 15 29826 14 30018 12 30210 7 30401 6 30592 6 30784 7 30976 7 31169 5
0cf6c064-3a42-c39b-55c5-1b62dbaf6db5,30382 5 30573 7 30764 9 30955 11 31147 11 31339 11 31531 11 31723 11 31916 9 32109 7 32302 5
f3e7e1f2-7c01-68a3-943f-4859b0afb850,16098 5 16289 7 16480 9 16671 11 16863 11 17055 11 17247 11 17439 11 17632 9 17825 7 18018 5
c6eec7fc-c098-7f33-ffb9-c6dbab9c1f51,30894 5 31085 7 31276 9 31467 11 31659 11 31851 11 32043 11 32235 11 32428 9 32621 7 32814 5
139a3d4c-e30e-cf67-0f02-f7db8a245d88,8301 1 8492 5 8674 17 8739 6 8865 18 8929 17 8947 1 9055 20 9120 20 9246 22 9312 18 9437 26 9465 8 9503 18 9628 37 9695 18 9820 10 9832 26 9886 19 10011 10 10027 24 10078 19 10113 2 10202 12 10221 23 10270 18 10304 3 10394 12 10414 23 10462 18 10495 5 10505 7 10521 5 10588 11 10607 23 10654 19 10686 33 10785 6 10799 24 10846 17 10864 7 10876 35 10978 5 10991 25 11037 17 11057 46 11171 5 11183 28 11228 17 11249 46 11364 4 11375 31 11419 17 11442 45 11556 4 11566 37 11609 19 11634 45 11748 5 11756 26 11786 33 11828 43 11940 33 11979 32 12021 43 12133 33 12170 34 12213 43 12325 74 12404 44 12517 123 12709 123 12902 122 13094 121 13287 119 13479 119 13671 118 13863 119 14055 119 14246 120 14438 120 14632 113 14747 3 14825 106 14933 3 15018 104 15211 102 15404 101 15596 101 15701 1 15788 101 15892 2 15981 101 16083 3 16173 105 16366 104 16558 104 16751 103 16943 104 17135 104 17328 63 17393 37 17493 5 17520 62 17586 36 17684 8 17711 64 17777 38 17875 12 17899 108 18067 133 18259 133 18451 133 18643 133 18835 12 18850 83 18938 30 19028 9 19043 80 19131 29 19221 7 19234 80 19324 28 19414 4 19425 80 19516 27 19616 82 19707 28 19808 117 19999 117 20190 117 20380 118 20571 116 20762 110 20953 108 21144 108 21336 96 21437 7 21527 93 21630 7 21718 93 21822 7 21910 92 22014 7 22101 92 22206 7 22293 91 22399 5 22484 90 22593 1 22676 80 22868 79 23060 72 23136 2 23252 71 23444 69 23636 67 23827 64 24019 63 24211 63 24402 63 24594 63 24785 64 24976 64 25168 65 25359 42 25408 18 25550 41 25601 19 25742 27 25795 17 25933 23 25989 6 25996 5 26125 21 26317 20 26509 19 26701 18 26893 18 27086 16 27278 16 27471 14 27663 13 27856 11 28049 8 28242 6 28434 5 28625 6 28817 7 29008 8 29200 8 29393 7 29585 6 29780 1
e6c68ffe-d01d-5982-feca-e36a543c4afd,4530 5 4721 7 4912 9 5103 11 5295 11 5487 11 5679 11 5871 11 6064 9 6257 7 6450 5
dec2d201-e9c7-1d73-4555-be9b30c9d76b,28963 5 29154 7 29345 9 29536 11 29728 11 29920 11 30112 11 30304 11 30497 9 30690 7 30883 5
95d92834-bd0f-7e45-4a43-ceee7d053c9f,12368 5 12559 7 12750 9 12941 11 13133 11 13325 11 13517 11 13709 11 13902 9 14095 7 14288 5
3ca2e2f5-4169-310c-a9a7-2ec34aada1ec,24446 5 24637 7 24828 9 25019 11 25211 11 25403 11 25595 11 25787 11 25980 9 26173 7 26366 5
54a0b32f-a3db-4bf5-5824-3ba89f55fa43,17057 5 17248 7 17439 9 17630 11 17822 11 18014 11 18206 11 18398 11 18591 9 18784 7 18977 5
971c6f67-e75c-022c-d815-865522a89b48,31218 5 31409 7 31600 9 31791 11 31983 11 32175 11 32367 11 32559 11 32752 9 32945 7 33138 5
39336982-b53b-c7e2-4ccc-a6b5ebcc79c9,10485 5 10676 7 10867 9 11058 11 11250 11 11442 11 11634 11 11826 11 12019 9 12212 7 12405 5
9c8a7209-29d8-3b52-d9be-f21fdd491a01,30402 5 30593 7 30784 9 30975 11 31167 11 31359 11 31551 11 31743 11 31936 9 32129 7 32322 5
53dea7b6-f84f-aee5-a8f5-025d0a34b697,18642 5 18833 7 19024 9 19215 11 19407 11 19599 11 19791 11 19983 11 20176 9 20369 7 20562 5
39b2644f-bfd1-a844-a4b0-914a60bf2a0b,9716 2 9908 3 10100 3 10291 5 10446 5 10483 6 10637 7 10674 8 10828 9 10841 5 10865 10 11020 22 11055 13 11212 25 11245 17 11403 30 11434 21 11595 30 11626 21 11787 7 11796 20 11821 17 11978 7 11989 18 12015 14 12169 7 12182 17 12208 13 12360 9 12375 15 12399 15 12420 3 12552 10 12567 16 12590 18 12611 5 12744 10 12758 19 12780 28 12936 11 12949 52 13128 66 13320 66 13513 11 13525 53 13713 2 13718 52 13911 7 13927 35 14105 4 14122 33 14159 2 14298 2 14315 33 14349 5 14508 44 14701 32 14735 11 14893 31 14928 11 15087 16 15104 11 15120 12 15280 13 15297 10 15312 13 15475 3 15488 11 15504 14 15679 12 15697 13 15871 12 15891 11 16063 12 16085 8 16254 13 16278 7 16445 13 16471 5 16636 5 16642 8 16828 2 16836 5 17029 4 17221 4 17414 2
707084b1-a725-a5a9-dd33-303ae12f95ed,3002 5 3193 7 3384 9 3575 11 3767 11 3959 11 4151 11 4343 11 4536 9 4729 7 4922 5
f7cb816f-da56-777b-fea9-b810627b9c42,5503 5 5694 7 5885 9 6076 11 6268 11 6460 11 6652 11 6844 11 7037 9 7230 7 7423 5
3c7b5abf-7520-213d-d92c-02f121248912,10869 4 11060 6 11251 8 11443 9 11635 9 11826 11 12018 11 12210 11 12401 13 12593 13 12785 14 12977 14 13169 14 13361 14 13554 13 13746 13 13895 1 13939 12 13968 11 14085 4 14130 14 14157 15 14276 4 14322 14 14347 19 14467 5 14514 14 14539 20 14657 7 14705 15 14730 21 14848 8 14897 15 14922 21 15002 5 15035 14 15090 14 15115 20 15193 7 15207 2 15224 18 15282 14 15307 20 15385 7 15398 4 15414 22 15474 15 15499 19 15577 7 15590 4 15603 26 15666 16 15692 17 15769 6 15782 4 15792 31 15857 18 15886 13 15960 7 15973 5 15983 35 16048 19 16080 10 16152 6 16165 5 16174 37 16239 21 16273 8 16344 5 16356 7 16364 39 16430 23 16464 9 16536 6 16547 48 16620 27 16651 1 16655 11 16727 61 16811 50 16919 61 17001 53 17110 62 17191 56 17302 63 17382 58 17493 64 17572 60 17685 65 17762 63 17877 68 17952 65 18069 140 18261 140 18453 140 18645 140 18792 3 18838 140 18982 6 19030 151 19223 150 19416 149 19609 148 19802 134 19943 5 19996 111 20110 16 20137 2 20194 104 20303 14 20387 104 20494 14 20580 120 20772 119 20965 77 21059 25 21157 20 21181 49 21253 23 21349 19 21374 45 21447 22 21540 19 21566 44 21641 21 21732 19 21758 42 21834 21 21923 20 21950 39 22027 21 22115 20 22141 39 22220 21 22307 20 22333 38 22412 22 22499 20 22524 38 22604 22 22691 20 22717 36 22797 20 22884 19 22908 36 22990 17 23076 19 23100 35 23184 13 23269 18 23291 36 23380 6 23463 8 23472 7 23482 37 23657 4 23665 7 23673 37 23857 45 24049 45 24241 45 24432 46 24624 46 24816 46 25008 46 25199 48 25391 48 25584 47 25776 47 25968 47 26160 48 26352 49 26544 50 26736 51 26928 52 27120 55 27312 62 27504 26 27532 32 27696 24 27725 28 27887 24 27917 26 28079 23 28109 25 28270 23 28300 24 28462 24 28490 25 28653 49 28845 48 29037 48 29229 48 29421 49 29613 49 29804 51 29996 51 30188 50 30380 50 30572 50 30765 49 30957 49 31150 48 31343 13 31366 23 31536 9 31561 20 31730 5 31755 18 31948 16 32141 15 32333 15 32526 14 32718 14 32911 12 33104 11 33298 7 33492 3
2565d1ed-56a9-5dc6-e403-fc2ff26a7c08,2929 5 3120 7 3311 9 3502 11 3694 11 3886 11 4078 11 4270 11 4463 9 4656 7 4849 5
1add12cc-7eab-3741-f858-3b83a9fcc157,5087 5 5278 7 5469 9 5660 11 5852 11 6044 11 6236 11 6428 11 6621 9 6814 7 7007 5
0ca33a35-6ca7-2c4a-a883-8efe442b1bae,22901 5 23092 7 23283 9 23474 11 23666 11 23858 11 24050 11 24242 11 24435 9 24628 7 24821 5
67e63dee-fbc2-7c32-0eb3-145646d65d69,15580 5 15771 7 15962 9 16153 11 16345 11 16537 11 16729 11 16921 11 17114 9 17307 7 17500 5
